{"score": {"AUC": 0.7213845654993515, "AUPRC": 0.1675620027227, "Net Benefit": 0.008243090350735413, "ECE": 0.01710328540892193, "F1": 0.2191780821917808, "Sensitivity": 0.3333333333333333, "Specificity": 0.9202334630350194, "Parsimony Score": 0.3162, "Inference Time": 0.000202, "Compute": {"additional_memory_usage": 1.38, "additional_cpu_time": 0.09}, "tp": 8.0, "fp": 41.0, "fn": 16.0, "tn": 473.0}, "completion_time": "2025-04-11T20:29:57Z"}