{"score": {"AUC": 0.7320444228274967, "AUPRC": 0.2451319341070699, "Net Benefit": 0.00937449490867949, "ECE": 0.016305496505576212, "F1": 0.19858156028368795, "Sensitivity": 0.5833333333333334, "Specificity": 0.7996108949416343, "Parsimony Score": 1.0, "Inference Time": 0.000543, "Compute": {"additional_memory_usage": 0.67, "additional_cpu_time": 0.28}, "tp": 14.0, "fp": 103.0, "fn": 10.0, "tn": 411.0}, "completion_time": "2025-03-28T18:46:39Z"}